LEMMA,POS,FREQUENCY
be,v,318018
I,fw,267578
you,fw,248266
the,fw,176446
a,fw,152598
to,fw,151270
it,fw,117091
not,fw,109143
that,fw,95271
and,fw,90049
of,fw,70505
do,v,67643
have,v,62828
what,fw,62015
we,fw,61381
in,fw,58486
get,v,56906
this,fw,56116
my,fw,53316
me,fw,51927
go,v,51445
oh,u,48348
can,v,46947
no,fw,43447
on,fw,43007
for,fw,42850
know,v,40007
just,r,39366
your,fw,39164
's,fw,37343
all,fw,35728
so,r,35491
with,fw,34115
he,fw,33653
but,fw,30070
yeah,r,28499
well,r,28025
think,v,25894
here,r,25170
want,v,24829
out,r,24533
about,fw,23244
good,j,22907
come,v,22535
up,r,22171
say,v,21603
now,r,21312
at,fw,21243
one,m,21176
hey,u,21166
they,fw,21051
see,v,20925
if,fw,19770
how,r,19474
like,v,19165
she,fw,19043
look,v,18129
make,v,17038
right,j,16390
guy,n,15738
take,v,15582
let,v,15257
really,r,15209
okay,r,14801
her,fw,14759
uh,u,14667
tell,v,14661
him,fw,14270
why,r,14194
there,r,14067
who,fw,13916
time,n,13834
thing,n,12547
from,fw,12409
will,v,11923
like,r,11556
when,r,11544
as,fw,11415
because,fw,11396
some,fw,11370
our,fw,11333
yes,r,11118
there,fw,11044
back,r,10865
mean,v,10833
man,n,10340
little,j,10258
give,v,10173
his,fw,10145
us,fw,10058
them,fw,9857
need,v,9654
then,r,9584
shall,v,9411
or,fw,9272
talk,v,9197
okay,j,9098
something,fw,9075
where,r,8941
great,j,8778
way,n,8759
never,r,8620
call,v,8413
too,r,8300
by,fw,8133
sorry,j,8050
over,fw,8041
love,v,8010
wait,v,7947
more,fw,7922
down,r,7782
day,n,7704
two,m,7221
people,n,7104
God,u,7062
very,r,6974
off,fw,6967
work,v,6741
thank,v,6716
big,j,6674
try,v,6611
dad,n,6596
maybe,r,6499
feel,v,6479
friend,n,6447
even,r,6221
sure,j,6177
find,v,6172
kid,n,6056
these,fw,5950
boy,n,5937
put,v,5863
please,r,5856
happen,v,5854
much,fw,5811
stop,v,5799
night,n,5761
bad,j,5716
into,fw,5686
those,fw,5686
any,fw,5626
right,u,5623
first,m,5605
leave,v,5529
year,n,5520
hear,v,5517
right,r,5334
ever,r,5259
Mr,n,5256
again,r,5254
use,v,5245
mom,n,5205
may,v,5180
hi,u,5173
life,n,5169
nice,j,5059
new,j,5055
still,r,5024
kind,n,4928
anything,fw,4714
only,r,4704
baby,n,4676
than,fw,4671
fine,j,4571
hello,u,4554
keep,v,4549
girl,n,4526
help,v,4519
believe,v,4502
woman,n,4444
lot,n,4408
play,v,4377
ask,v,4367
start,v,4363
home,n,4348
nothing,fw,4330
hmm,u,4242
their,fw,4191
meet,v,4185
huh,u,4127
show,v,4075
around,fw,4013
guess,v,3988
old,j,3955
hell,n,3890
before,fw,3883
always,r,3868
three,m,3861
wow,u,3758
listen,v,3744
thanks,u,3726
minute,n,3718
actually,r,3706
eat,v,3701
place,n,3620
live,v,3571
away,r,3498
after,fw,3483
bring,v,3469
every,fw,3463
everything,fw,3375
money,n,3352
person,n,3351
watch,v,3351
other,j,3345
remember,v,3344
house,n,3327
wrong,j,3294
kill,v,3278
school,n,3243
everyone,fw,3242
run,v,3229
late,j,3221
care,v,3199
car,n,3191
move,v,3187
ah,u,3158
idea,n,3136
another,fw,3083
someone,fw,3080
today,r,3055
turn,v,3042
real,j,3008
happy,j,2995
whole,j,2956
week,n,2954
job,n,2948
fun,n,2933
problem,n,2931
break,v,2921
world,n,2910
which,fw,2903
must,v,2891
party,n,2855
buy,v,2827
through,fw,2810
together,r,2796
room,n,2789
family,n,2785
stay,v,2781
lose,v,2710
stuff,n,2710
son,n,2692
stupid,j,2687
name,n,2683
everybody,fw,2644
last,v,2639
long,r,2639
tonight,r,2608
child,n,2602
sit,v,2600
course,n,2585
pretty,j,2577
hold,v,2574
game,n,2534
forget,v,2519
else,r,2504
own,j,2501
five,m,2493
second,m,2491
doctor,n,2486
dollar,n,2485
enough,fw,2484
dog,n,2442
funny,j,2438
wear,v,2436
die,v,2426
sir,n,2425
hard,j,2422
honey,n,2414
sound,v,2411
sex,n,2388
hate,v,2369
suppose,v,2368
God,K,2362
head,n,2362
understand,v,2360
whoa,u,2341
movie,n,2340
worry,v,2329
cool,j,2323
marry,v,2323
miss,v,2318
pay,v,2314
hour,n,2313
crazy,j,2291
change,v,2256
hot,j,2256
most,fw,2244
excuse,v,2232
mother,n,2219
check,v,2217
pick,v,2207
word,n,2207
same,j,2200
yourself,fw,2188
ready,j,2177
seem,v,2165
win,v,2162
walk,v,2131
father,n,2108
story,n,2107
already,r,2077
hope,v,2077
part,n,2062
open,v,2059
lady,n,2056
read,v,2046
drink,v,2033
sleep,v,2030
number,n,2005
write,v,2001
morning,n,1985
tomorrow,n,1964
next,j,1947
phone,n,1945
four,m,1943
last,m,1942
once,r,1937
somebody,fw,1936
probably,r,1916
without,fw,1910
many,fw,1904
such,fw,1901
eye,n,1896
drive,v,1890
wife,n,1885
book,n,1879
hang,v,1860
since,fw,1859
throw,v,1839
name,v,1833
dead,j,1821
stand,v,1815
myself,fw,1799
aw,u,1794
dinner,n,1787
anyone,fw,1772
hand,n,1767
each,fw,1739
anyway,r,1723
television,n,1716
learn,v,1715
shut,v,1709
town,n,1709
beautiful,j,1707
both,fw,1687
date,n,1682
spend,v,1680
office,n,1673
hit,v,1668
yet,fw,1658
save,v,1656
true,j,1653
sweet,j,1649
until,fw,1642
food,n,1628
while,fw,1620
send,v,1617
high,j,1602
anymore,r,1596
also,r,1590
news,n,1572
Christmas,K,1561
ten,m,1560
ass,n,1548
business,n,1542
only,j,1539
couple,n,1534
totally,r,1532
door,n,1528
gay,j,1525
exactly,r,1523
parent,n,1521
few,fw,1516
month,n,1514
easy,j,1508
deal,n,1503
ow,u,1503
hurt,v,1495
nobody,fw,1495
OK,r,1480
perfect,j,1477
lie,v,1474
free,j,1473
young,j,1471
weird,j,1465
whatever,fw,1452
brother,n,1441
work,n,1441
kid,v,1432
ago,r,1431
end,v,1427
other,n,1426
ball,n,1413
finally,r,1413
line,n,1406
its,fw,1403
ha,u,1401
important,j,1401
fall,v,1400
heart,n,1396
long,j,1395
fat,j,1393
class,n,1388
shoot,v,1377
picture,n,1370
sell,v,1369
side,n,1366
wish,v,1365
love,n,1364
mind,n,1360
hair,n,1359
cut,v,1347
wedding,n,1342
reason,n,1339
become,v,1335
least,fw,1335
look,n,1332
bite,v,1331
fuck,v,1318
under,fw,1311
bed,n,1309
paper,n,1308
different,j,1307
catch,v,1290
mine,fw,1289
six,m,1289
set,v,1280
face,n,1274
speak,v,1268
suck,v,1260
sometimes,r,1258
city,n,1243
special,j,1234
stick,v,1225
question,n,1223
dude,n,1215
realize,v,1212
birthday,n,1209
point,n,1207
enjoy,v,1206
fact,n,1201
dance,v,1195
soon,r,1191
bar,n,1185
wonder,v,1182
joke,n,1179
relationship,n,1179
chance,n,1175
black,j,1170
almost,r,1168
fight,v,1156
card,n,1154
song,n,1154
little,fw,1148
bye,u,1147
coffee,n,1147
awesome,j,1133
sick,j,1133
apartment,n,1132
sorry,u,1127
back,n,1126
figure,v,1121
pull,v,1118
box,n,1111
dream,n,1110
water,n,1110
decide,v,1109
store,n,1107
bet,v,1106
lunch,n,1105
face,v,1103
anybody,fw,1101
afraid,j,1096
buddy,n,1096
cute,j,1090
close,j,1085
bathroom,n,1082
show,n,1081
mind,v,1076
steal,v,1073
full,j,1070
company,n,1061
front,n,1061
ahead,r,1059
moment,n,1058
case,n,1056
date,v,1050
though,fw,1050
body,n,1043
Mrs,n,1040
pants,n,1040
bitch,n,1039
promise,v,1039
glad,j,1037
kiss,v,1036
either,fw,1023
fire,v,1021
grow,v,1021
build,v,1019
table,n,1010
ticket,n,1006
matter,v,1005
teach,v,1002
cat,n,997
sister,n,997
girlfriend,n,993
hat,n,991
touch,v,991
terrible,j,990
beer,n,985
damn,u,984
mm-hmm,u,983
club,n,979
amaze,v,978
smell,v,978
gift,n,974
serious,j,974
plan,v,970
street,n,970
team,n,969
order,v,966
cry,v,964
zero,m,960
drop,v,959
act,v,958
alone,j,957
seat,n,951
eh,u,949
between,fw,947
eight,m,947
twenty,m,942
foot,n,939
seven,m,939
finish,v,937
gentleman,n,936
hand,v,935
point,v,934
blow,v,933
small,j,928
trouble,n,928
sweetie,n,922
sing,v,917
pass,v,915
beat,v,914
piece,n,913
shoe,n,913
welcome,j,911
god,n,908
white,j,901
kick,v,900
bag,n,899
fire,n,895
early,j,892
excite,v,892
wonderful,j,890
seriously,r,885
country,n,883
mouth,n,883
question,v,883
dear,j,879
quite,r,879
smart,j,876
husband,n,875
shh,u,874
invite,v,873
rest,n,871
yours,fw,871
behind,fw,866
key,n,865
end,n,864
dress,v,860
red,j,859
laugh,v,858
help,n,854
agree,v,853
machine,n,853
yep,r,850
return,v,847
space,n,844
mad,j,841
truth,n,837
ice,n,834
follow,v,833
outside,fw,828
idiot,n,827
rule,n,826
absolutely,r,825
next,r,824
against,fw,821
American,K,821
need,n,820
scare,v,819
notice,v,812
chicken,n,811
ride,v,811
music,n,809
join,v,808
next,fw,808
good-bye,u,806
ruin,v,806
war,n,801
screw,v,800
light,n,797
along,fw,790
poor,j,790
sense,n,789
able,j,788
matter,n,783
secret,n,783
fly,v,780
top,n,780
sure,r,779
fair,j,777
relax,v,776
boyfriend,n,774
plan,n,773
mistake,n,771
luck,n,769
group,n,766
daughter,n,759
college,n,757
president,n,757
far,r,754
sign,v,754
close,v,753
message,n,748
freak,v,747
fault,n,745
quick,j,744
till,fw,742
except,fw,738
single,j,734
shirt,n,733
choice,n,732
attention,n,730
power,n,730
quit,v,729
answer,n,727
trust,v,727
fifty,m,725
leg,n,725
wake,v,723
human,j,717
star,n,715
student,n,713
air,n,703
chair,n,700
gun,n,699
begin,v,692
death,n,692
tree,n,692
boss,n,689
while,n,688
present,n,687
instead,r,686
lucky,j,682
safe,j,681
cold,j,678
ahh,u,677
explain,v,676
video,n,676
brain,n,675
completely,r,673
voice,n,673
cake,n,672
drink,n,672
trip,n,671
monkey,n,670
hundred,m,669
fix,v,668
entire,j,667
expect,v,667
million,m,667
allow,v,666
forever,r,666
ugh,u,664
hide,v,662
huge,j,662
interesting,j,662
fight,n,661
roll,v,661
clothes,n,658
fast,r,657
grab,v,657
teacher,n,657
crap,n,656
animal,n,655
burn,v,654
tough,j,654
restaurant,n,652
sort,n,652
tooth,n,651
marriage,n,649
proud,j,649
uncle,n,647
push,v,646
butt,n,643
offer,v,643
lord,n,640
unless,fw,639
feeling,n,638
suit,n,636
uh-huh,u,635
floor,n,634
cream,n,629
favorite,j,629
naked,j,628
list,n,627
ring,n,625
clean,v,621
apologize,v,620
clear,j,620
Earth,K,620
share,v,620
fill,v,619
cool,u,617
pizza,n,612
ridiculous,j,612
alive,j,609
pretend,v,608
hospital,n,604
sad,j,603
bunch,n,602
half,fw,602
police,n,602
fish,n,600
window,n,599
busy,j,597
sign,n,597
call,n,595
pie,n,594
answer,v,592
raise,v,592
somewhere,r,592
sandwich,n,590
thirty,m,590
sale,n,589
choose,v,588
definitely,r,588
swear,v,588
pretty,r,585
boat,n,583
tired,j,582
ho,u,581
upset,j,578
less,fw,577
nine,m,576
thousand,m,576
smoke,v,574
embarrass,v,573
band,n,572
bear,v,572
none,fw,571
Santa,K,571
strong,j,571
law,n,570
toilet,n,570
jump,v,569
count,v,567
egg,n,566
Saturday,K,565
blue,j,564
horrible,j,564
shit,n,564
favor,n,563
handle,v,563
wall,n,563
art,n,562
cover,v,562
arm,n,561
perhaps,r,560
simple,j,560
bus,n,558
appreciate,v,556
himself,fw,556
surprise,v,556
candy,n,555
finger,n,553
worth,j,551
state,n,550
possible,j,549
rich,j,548
short,j,548
king,n,547
knock,v,547
cookie,n,545
penis,n,545
history,n,544
imagine,v,544
third,m,544
blood,n,542
drug,n,542
future,n,541
prove,v,540
surprise,n,540
alright,r,539
captain,n,539
evening,n,539
congratulations,u,538
system,n,538
record,n,534
age,n,533
deserve,v,529
normal,j,528
yesterday,n,528
jerk,n,526
yay,u,526
bird,n,525
nose,n,525
bother,v,525
fan,n,523
letter,n,523
rather,r,522
head,v,520
interested,j,519
owe,v,519
pregnant,j,519
destroy,v,516
bear,n,514
evil,j,513
milk,n,512
sport,n,511
admit,v,510
apparently,r,510
conversation,n,509
obviously,r,509
uh-oh,u,509
jacket,n,508
during,fw,507
accept,v,504
dumb,j,502
bit,n,500
consider,v,500
mention,v,500
step,v,500
deal,v,499
hungry,j,499
situation,n,499
lead,v,497
twelve,m,495
fantastic,j,494
hole,n,494
plus,fw,494
note,n,492
test,n,492
honest,j,490
character,n,489
holy,j,489
manager,n,489
lesson,n,488
soul,n,488
nope,r,487
dark,j,486
difference,n,486
wine,n,485
road,n,482
calm,v,481
personal,j,481
clown,n,480
computer,n,480
horse,n,479
gosh,u,478
mayor,n,477
inside,r,476
sexy,j,476
dirty,j,475
carry,v,474
professor,n,474
usually,r,474
bottle,n,473
cheese,n,473
summer,n,473
remind,v,472
afternoon,n,471
pee,v,471
across,fw,470
angry,j,470
fella,n,470
film,n,470
reach,v,470
shower,n,469
cup,n,468
lawyer,n,467
camera,n,465
pain,n,465
hurry,v,462
desk,n,461
monster,n,461
certainly,r,460
cop,n,460
credit,n,459
prepare,v,459
anywhere,r,458
breakfast,n,458
bastard,n,457
damn,j,456
church,n,455
hire,v,454
decision,n,452
Miss,n,451
pig,n,448
loser,n,446
robot,n,446
deep,j,445
park,n,445
chocolate,n,445
service,n,443
Jew,K,442
tape,n,440
kitchen,n,439
half,m,438
rid,v,438
grandpa,n,437
hero,n,437
shot,n,437
spot,n,437
folks,n,436
yell,v,434
awful,j,433
scene,n,433
trick,n,433
asshole,n,431
issue,n,430
lovely,j,429
visit,v,428
honor,n,428
clean,j,426
second,n,425
chick,n,424
costume,n,424
Friday,K,424
hall,n,424
Ms,n,422
fake,j,419
forgive,v,419
grade,n,419
fifteen,m,418
ought,v,417
cheat,v,416
Chinese,K,416
crap,u,414
create,v,413
comfortable,j,412
hotel,n,411
magazine,n,411
settle,v,411
accident,n,410
boob,n,409
excellent,j,409
neighbor,n,409
train,n,409
board,n,408
pop,v,408
spirit,n,408
cow,n,406
building,n,404
ear,n,404
giant,j,404
ugly,j,404
toy,n,403
cancel,v,402
Internet,K,402
strange,j,402
aunt,n,401
island,n,401
extra,j,400
fit,v,400
rock,n,400
step,n,400
action,n,399
bill,n,397
field,n,397
kiss,n,397
fresh,j,395
level,n,395
cost,v,394
size,n,394
cell,n,393
serve,v,393
shake,v,393
neck,n,392
bowl,n,392
control,n,391
loud,j,390
bedroom,n,389
check,n,389
heaven,n,389
right,n,389
commercial,n,388
draw,v,388
guest,n,388
insane,j,388
fail,v,388
cook,v,387
pleasure,n,387
truck,n,387
science,n,386
careful,j,385
nervous,j,385
although,fw,384
gas,n,384
partner,n,383
ew,u,383
scream,v,382
pool,n,381
appear,v,380
clearly,r,380
silly,j,380
feed,v,379
charge,n,377
neither,fw,377
wash,v,377
stink,v,377
magic,j,376
plane,n,376
tiny,j,376
prison,n,375
cause,v,374
photo,n,374
public,j,373
button,n,372
flower,n,372
memory,n,372
own,v,372
fast,j,371
base,v,370
involve,v,370
madam,n,370
blame,v,369
tea,n,369
whoo,u,369
bike,n,368
freeze,v,368
sexual,j,368
code,n,367
celebrate,v,366
couch,n,366
inside,fw,366
price,n,366
assume,v,365
delicious,j,365
forty,m,365
player,n,365
soup,n,365
waste,v,365
coat,n,364
doll,n,364
security,n,364
warm,j,364
football,n,363
model,n,363
whose,fw,363
besides,fw,361
middle,n,361
shop,v,361
garbage,n,360
client,n,359
ground,n,359
lame,j,359
project,n,359
dare,v,358
shop,n,358
episode,n,357
glass,n,357
green,j,357
lock,v,357
award,n,356
straight,j,356
unbelievable,j,356
court,n,355
experience,n,355
final,j,355
large,j,355
salad,n,355
belong,v,354
fuck,n,354
station,n,354
area,n,353
vote,v,353
crime,n,352
meat,n,352
romantic,j,352
treat,v,352
forward,r,351
glasses,n,351
lie,n,351
taste,v,351
weight,n,351
mail,n,350
cab,n,348
two hundred,m,348
boring,j,348
information,n,347
total,j,347
channel,n,346
page,n,346
suddenly,r,346
sake,n,345
Thanksgiving,K,345
private,j,344
French,K,343
winner,n,343
past,n,342
pen,n,342
twice,r,341
cousin,n,340
jealous,j,340
mess,v,340
planet,n,340
scary,j,340
universe,n,340
upstairs,r,340
genius,n,339
dangerous,j,338
nuts,j,337
ourselves,fw,337
race,n,336
suggest,v,336
turn,n,336
sea,n,335
officer,n,334
meal,n,333
popular,j,333
report,n,333
welcome,u,333
flight,n,332
change,n,331
driver,n,331
wheel,n,331
dump,v,329
five hundred,m,329
member,n,329
yo,u,329
add,v,328
confuse,v,328
form,n,328
government,n,328
Sunday,K,328
order,n,327
continue,v,326
event,n,326
quiet,j,326
low,j,326
color,n,325
Jewish,K,325
nah,u,323
breast,n,323
bank,n,322
parking,n,322
ride,n,322
wild,j,322
turkey,n,321
blah,u,319
thought,n,319
famous,j,318
gold,n,318
pound,n,318
skin,n,318
one hundred,m,317
rat,n,317
switch,v,317
tie,n,317
career,n,316
juice,n,316
like,fw,316
protect,v,316
shame,n,316
bottom,n,315
respect,v,315
underwear,n,315
Indian,K,315
closet,n,312
meeting,n,312
sun,n,312
afford,v,311
bald,j,311
engage,v,311
plant,n,311
towel,n,311
mall,n,310
regular,j,310
bone,n,310
dig,v,308
fear,n,308
cancer,n,306
discuss,v,306
fancy,j,306
control,v,305
advice,n,305
center,n,305
apple,n,304
everywhere,r,304
holiday,n,304
cash,n,303
common,j,303
crush,n,303
mess,n,303
peace,n,303
warn,v,303
welcome,v,303
adult,n,302
noise,n,302
rock,v,302
super,r,302
bread,n,301
fucking,r,301
porn,n,301
three hundred,m,301
type,n,301
borrow,v,300
department,n,300
plate,n,300
breathe,v,299
classic,j,299
farm,n,299
disgusting,j,298
tall,j,298
taste,n,298
replace,v,297
somehow,r,297
theater,n,297
discover,v,296
incredible,j,296
plenty,n,295
baseball,n,294
comedy,n,294
enter,v,294
introduce,v,294
whenever,fw,294
butter,n,293
possibly,r,293
sweetheart,n,293
jail,n,292
season,n,292
study,v,292
miracle,n,290
complete,j,289
golf,n,289
hook,v,289
perfectly,r,289
stare,v,289
flag,n,288
jeez,u,288
roommate,n,288
ship,n,288
wood,n,288
actor,n,287
break,n,286
prize,n,286
thanks,fw,286
corner,n,285
fourth,m,285
sneak,v,285
piss,v,284
pocket,n,284
tip,n,284
alone,r,283
lately,r,283
queen,n,283
tear,v,283
especially,r,282
lay,v,282
pressure,n,282
rip,v,282
assistant,n,281
camp,n,281
judge,n,281
North,n,281
often,r,281
Halloween,K,280
vacation,n,280
impossible,j,279
square,n,279
left,n,278
grandma,n,278
gross,j,278
pal,n,278
smile,v,278
speech,n,278
bust,v,277
gee,u,277
handsome,j,277
safety,n,277
test,v,277
community,n,277
beach,n,277
gym,n,276
toast,n,276
disease,n,274
paint,v,274
themselves,fw,274
Monday,K,272
pack,v,272
punch,v,272
customer,n,271
healthy,j,271
invent,v,271
princess,n,271
merry,j,270
someday,r,270
blind,j,269
certain,r,269
solve,v,269
study,n,269
sweater,n,269
terrific,j,269
wet,j,269
attack,n,268
beg,v,268
cigarette,n,268
sugar,n,268
uhh,u,268
weekend,n,268
damn,r,267
sock,n,267
emergency,n,266
mood,n,266
peanut,n,266
stage,n,266
tight,j,266
gum,n,265
moon,n,265
nature,n,265
program,n,265
straight,r,265
angel,n,264
corporate,j,264
damn,v,264
exist,v,264
ghost,n,264
sauce,n,264
stomach,n,264
twenty-five,m,264
block,n,263
herself,fw,263
murder,n,263
speed,n,263
Jesus,u,262
mix,v,262
track,n,262
opportunity,n,261
society,n,261
whoo-hoo,u,261
upon,fw,260
difficult,j,259
killer,n,259
lip,n,259
market,n,259
goodness,n,258
pillow,n,258
tie,v,258
arrive,v,257
mountain,n,257
slip,v,257
belt,n,256
museum,n,256
oil,n,256
press,v,256
respect,n,256
airplane,n,255
airport,n,254
honestly,r,254
contest,n,253
fabulous,j,253
spell,v,253
whoever,fw,253
bell,n,252
friendship,n,252
national,j,252
alien,n,251
dream,v,251
fool,n,251
past,fw,251
bless,v,250
cartoon,n,250
near,fw,250
swim,v,250
burger,n,249
fruit,n,249
roof,n,249
theory,n,249
according,fw,248
guilty,j,248
potato,n,248
dish,n,247
sound,n,247
uncomfortable,j,247
wrap,v,247
cheap,j,246
employee,n,246
interview,n,246
perform,v,245
spring,n,245
text,v,245
tour,n,245
treat,n,245
awkward,j,244
expensive,j,244
unfortunately,r,244
purse,n,243
charge,v,242
ha-ha,u,242
divorce,n,241
ring,v,241
bra,n,240
brown,j,240
duck,n,240
English,K,240
celebrity,n,239
double,j,239
period,n,239
rent,v,239
today,n,239
barely,r,238
bye-bye,u,238
chip,n,238
ignore,v,238
language,n,238
laundry,n,238
social,j,238
dress,n,238
soft,j,238
apology,n,237
concert,n,237
disappoint,v,237
knife,n,237
hilarious,j,236
judge,v,236
blanket,n,235
comic,j,235
leader,n,235
local,j,235
neighborhood,n,235
trap,v,235
West,n,235
bury,v,234
whore,n,234
cross,v,233
sheet,n,233
suffer,v,233
tax,n,233
bath,n,232
receive,v,232
sometime,r,232
split,v,232
soda,n,231
talent,n,231
account,n,230
convince,v,230
dessert,n,230
purpose,n,230
report,v,230
weak,j,230
cheer,v,229
move,n,229
support,v,229
research,n,228
tongue,n,228
Valentine,K,228
pill,n,227
snake,n,227
battle,n,226
license,n,226
nut,n,226
health,n,225
natural,j,225
gorgeous,j,223
steak,n,223
vagina,n,223
audience,n,222
knee,n,222
term,n,222
dance,n,221
score,n,221
sue,v,221
whether,fw,221
artist,n,220
attack,v,220
bang,v,220
bean,n,220
onto,fw,220
attractive,j,219
breath,n,219
cover,n,219
empty,j,219
lonely,j,219
painting,n,219
truly,r,219
army,n,218
avoid,v,218
gang,n,218
land,v,218
nerd,n,218
others,fw,218
slap,v,218
when,fw,218
appointment,n,217
dick,n,217
lesbian,n,217
outfit,n,217
adventure,n,216
devil,n,216
liar,n,216
nurse,n,216
pot,n,216
responsible,j,216
salesman,n,216
slow,j,216
smile,n,216
wallet,n,216
commit,v,215
example,n,215
fake,v,215
obvious,j,215
pirate,n,215
radio,n,215
chase,v,214
due,j,214
familiar,j,214
homework,n,214
birth,n,213
Canadian,K,213
favorite,n,213
prefer,v,213
rub,v,213
sky,n,213
basically,r,212
coach,n,212
deliver,v,212
laboratory,n,212
address,n,211
lift,v,211
concern,v,210
eleven,m,210
round,n,210
wish,n,210
guard,n,209
contact,n,208
over,j,208
package,n,208
travel,v,208
sixty,m,208
anniversary,n,207
cent,n,207
force,v,207
rest,v,207
spread,v,207
adorable,j,206
ocean,n,206
percent,n,206
shit,u,206
wing,n,206
above,fw,205
alcohol,n,205
crash,v,205
insurance,n,205
nuclear,j,205
pathetic,j,205
row,n,205
sight,n,205
trash,n,205
available,j,204
brave,j,204
climb,v,204
earn,v,204
East,n,204
impress,v,204
league,n,204
online,j,204
waste,n,204
within,fw,204
writer,n,204
crowd,n,203
flip,v,203
hug,n,203
drag,v,202
funeral,n,202
literally,r,202
lousy,j,202
opinion,n,202
pack,n,202
spit,v,202
van,n,202
behavior,n,201
complain,v,201
future,j,201
interest,n,201
itself,fw,201
mirror,n,201
recently,r,201
stripper,n,201
subject,n,201
bright,j,200
design,v,200
general,j,200
kidney,n,200
result,n,200
strike,n,200
corn,n,199
correct,j,199
grandmother,n,199
hug,v,199
nightmare,n,199
ours,fw,199
yellow,j,199
rise,v,199
Christian,K,199
doughnut,n,199
original,j,199
position,n,199
quarter,m,199
fool,v,198
annoy,v,197
can,n,197
match,n,197
play,n,197
traffic,n,197
actual,j,196
banana,n,196
conference,n,196
lake,n,196
medical,j,196
medicine,n,196
pray,v,196
shave,v,196
tub,n,196
bake,v,195
option,n,195
South,n,195
creepy,j,194
douchebag,n,194
eventually,r,194
interrupt,v,194
library,n,194
rude,j,194
advertisement,n,193
danger,n,193
fourteen,m,193
master,n,193
math,n,193
propose,v,193
Thursday,K,193
apart,r,192
darling,n,192
gather,v,192
mostly,r,192
support,n,192
bubble,n,191
energy,n,191
heavy,j,191
laser,n,191
manage,v,191
meanwhile,r,191
network,n,191
weapon,n,191
condition,n,190
copy,n,190
female,j,190
park,v,190
quickly,r,190
religion,n,190
snow,n,190
Tuesday,K,190
version,n,190
bomb,n,190
clear,v,189
faith,n,189
innocent,j,189
remove,v,189
survive,v,189
bee,n,188
bride,n,188
cause,n,188
fifth,m,188
several,fw,188
basketball,n,187
downtown,n,187
elephant,n,187
freak,n,187
wipe,v,187
arrest,v,186
bored,j,186
bully,n,186
clock,n,186
indeed,r,186
massage,n,186
shape,n,186
skip,v,186
strike,v,186
dry,j,185
remain,v,185
style,n,185
surgery,n,185
toe,n,185
yard,n,185
brilliant,j,184
circle,n,184
duty,n,184
enemy,n,184
focus,n,184
lover,n,184
midnight,n,184
simply,r,184
Spanish,K,184
boom,u,183
describe,v,183
legal,j,183
Mexican,K,183
powerful,j,183
series,n,183
wire,n,183
candle,n,182
diaper,n,182
direction,n,182
divorce,v,182
eighteen,m,182
express,v,182
plastic,n,182
responsibility,n,182
starve,v,182
united,j,182
worker,n,182
AIDS,abbr,181
hope,n,181
immediately,r,181
nowhere,r,181
separate,v,181
watch,n,181
emotional,j,180
hardly,r,180
pilot,n,180
vampire,n,180
attitude,n,179
balloon,n,179
exact,j,179
frankly,r,179
hip,n,179
pet,n,179
prank,n,179
announcement,n,178
effect,n,178
escape,v,178
golden,j,178
nipple,n,178
rough,j,178
stick,n,178
trade,v,178
twin,n,178
waiter,n,178
architect,n,177
beauty,n,177
mate,n,177
official,j,177
practice,v,177
t-shirt,n,177
bug,n,176
crack,v,176
four hundred,m,176
half,n,176
smoke,n,176
contract,n,175
nail,n,175
recognize,v,175
scientist,n,175
set,n,175
shoulder,n,175
successful,j,175
turd,n,175
view,n,175
basement,n,174
degree,n,174
fortune,n,174
hit,n,174
invitation,n,174
nail,v,174
oops,u,174
professional,j,174
search,n,174
swing,v,174
train,v,174
weather,n,174
alarm,n,173
fun,j,173
kitty,n,173
nap,n,173
practice,n,173
precious,j,173
product,n,173
rabbit,n,173
role,n,173
snack,n,173
sucker,n,173
tag,n,173
chef,n,172
chew,v,172
evidence,n,172
fantasy,n,172
operation,n,172
puppy,n,172
rain,n,172
spin,v,172
throat,n,172
e-mail,v,171
present,v,171
reality,n,171
saint,n,171
top,j,171
victim,n,171
waitress,n,171
booze,n,170
condom,n,170
director,n,170
hunt,v,170
menu,n,170
mystery,n,170
quiet,u,170
regret,v,170
technically,r,170
ton,n,170
attract,v,169
aware,j,169
chest,n,169
dentist,n,169
far,j,169
focus,v,169
illegal,j,169
junior,j,169
mouse,n,169
pencil,n,169
sentence,n,169
sixteen,m,169
squeeze,v,169
audition,n,168
lobster,n,168
success,n,168
terrorist,n,168
asleep,r,167
fashion,n,167
glove,n,167
item,n,167
recommend,v,167
tuna,n,167
warehouse,n,167
Italian,K,166
lazy,j,166
tank,n,166
whale,n,166
zone,n,166
honor,v,166
panic,v,166
bachelor,n,165
chain,n,165
creature,n,165
diamond,n,165
however,fw,165
image,n,165
parade,n,165
rocket,n,165
solution,n,165
cable,n,164
culture,n,164
forty-five,m,164
garage,n,164
male,j,164
revenge,n,164
shrimp,n,164
taco,n,164
thin,j,164
vote,n,164
aside,r,163
bum,n,163
distract,v,163
DVD,abbr,163
hehe,u,163
humiliate,v,163
locker,n,163
native,j,163
performance,n,163
policy,n,163
pony,n,163
release,v,163
stone,n,163
woohoo,u,163
advantage,n,162
basket,n,162
breakup,n,162
device,n,162
garden,n,162
patient,n,162
pink,j,162
represent,v,162
thirteen,m,162
treasure,n,162
amount,n,161
fart,n,161
newspaper,n,161
wind,n,161
act,n,160
ashamed,j,160
champion,n,160
light,v,160
per,fw,160
scout,n,160
guitar,n,159
mental,j,159
sensitive,j,159
twenty-four,m,159
heat,n,158
otherwise,fw,158
seventeen,m,158
string,n,158
wind,v,158
downstairs,r,157
impressive,j,157
poop,n,157
property,n,157
skill,n,157
walk,n,157
dammit,u,156
lead,n,156
pancake,n,156
slow,v,156
stranger,n,156
charity,n,155
crap,v,155
freedom,n,155
pour,v,155
stuff,v,155
tradition,n,155
beef,n,154
bite,n,154
bullet,n,154
curious,j,154
disaster,n,154
factory,n,154
forest,n,154
middle,j,154
odd,j,154
provide,v,154
repeat,v,154
section,n,154
subway,n,154
choke,v,153
cowboy,n,153
dirt,n,153
frog,n,153
pumpkin,n,153
swallow,v,153
bacon,n,152
clever,j,152
competition,n,152
e-mail,n,152
heh,u,152
lick,v,152
mission,n,152
pair,n,152
soap,n,152
tail,n,152
tattoo,n,152
activity,n,151
bridge,n,151
detail,n,151
diet,n,151
insult,v,151
theme,n,151
university,n,151
champagne,n,150
charming,j,150
compare,v,150
gut,n,150
map,n,150
napkin,n,150
punch,n,150
apply,v,149
challenge,v,149
collect,v,149
cupcake,n,149
fridge,n,149
imagination,n,149
joke,v,149
pad,n,149
script,n,149
whip,v,149
left,j,149
affair,n,148
benefit,n,148
beyond,fw,148
book,v,148
citizen,n,148
fart,v,148
grant,v,148
junk,n,148
magical,j,148
prom,n,148
schedule,n,148
studio,n,148
value,n,148
wise,j,148
Bible,K,147
clue,n,147
suicide,n,147
Wednesday,K,147
friendly,j,147
claim,v,146
complicate,v,146
doubt,n,146
generation,n,146
grave,n,146
require,v,146
stair,n,146
album,n,145
depend,v,145
maid,n,145
moron,n,145
necessary,j,145
oven,n,145
paint,n,145
refer,v,145
scratch,v,145
spill,v,145
stain,n,145
adopt,v,144
brush,v,144
delivery,n,144
disappear,v,144
elementary,j,144
humor,n,144
tear,n,144
trap,n,144
amazing,j,143
Asian,K,143
boot,n,143
connection,n,143
eve,n,143
happiness,n,143
lifetime,n,143
officially,r,143
quality,n,143
agreement,n,142
argument,n,142
carpet,n,142
crisis,n,142
design,n,142
drawer,n,142
further,r,142
incredibly,r,142
loose,j,142
pair,m,142
refuse,v,142
risk,n,142
selfish,j,142
village,n,142
anger,n,141
assure,v,141
bet,n,141
bingo,n,141
bunny,n,141
crawl,v,141
demand,v,141
desperate,j,141
elevator,n,141
goat,n,141
honeymoon,n,141
insist,v,141
million,n,141
murder,v,141
penny,n,141
usual,j,141
beloved,j,141
copy,v,140
festival,n,140
tennis,n,140
threaten,v,140
beginning,n,139
cigar,n,139
dancer,n,139
heck,n,139
low,r,139
material,n,139
Yankee,K,139
chapter,n,138
chat,v,138
homeless,j,138
lap,n,138
major,j,138
mark,v,138
river,n,138
shark,n,138
strength,n,138
accidentally,r,137
ancient,j,137
collection,n,137
exercise,n,137
include,v,137
muffin,n,137
offense,n,137
screen,n,137
tomato,n,137
aha,u,136
cafeteria,n,136
crack,n,136
crappy,j,136
Japanese,K,136
statue,n,136
supply,n,136
versus,fw,136
winter,n,136
tool,n,136
asleep,j,135
bend,v,135
commitment,n,135
disturb,v,135
fish,v,135
joy,n,135
presentation,n,135
shove,v,135
tube,n,135
being,n,134
damn,n,134
experiment,n,134
fellow,j,134
German,K,134
jar,n,134
mint,n,134
physical,j,134
punish,v,134
remote,n,134
slut,n,134
twist,v,134
cap,n,133
criminal,n,133
eight hundred,m,133
inspire,v,133
main,j,133
panda,n,133
sink,v,133
smooth,j,133
snap,v,133
thumb,n,133
witness,n,133
abandon,v,132
affect,v,132
beard,n,132
bucket,n,132
county,n,132
gain,v,132
poem,n,132
reporter,n,132
review,n,132
training,n,132
among,fw,131
battery,n,131
deny,v,131
electric,j,131
flavor,n,131
forbid,v,131
fudge,n,131
hooray,u,131
obsess,v,131
positive,j,131
rob,v,131
signal,n,131
solid,j,131
website,n,131
aye,r,130
century,n,130
click,v,130
cracker,n,130
dry-cleaning,n,130
dump,n,130
effort,n,130
gate,n,130
hooker,n,130
impression,n,130
inappropriate,j,130
inspector,n,130
statement,n,130
thrill,v,130
wiener,n,130
bond,v,129
challenge,n,129
filthy,j,129
grandfather,n,129
host,n,129
producer,n,129
witch,n,129
appropriate,j,128
coincidence,n,128
furniture,n,128
laugh,n,128
lemon,n,128
load,v,128
mock,v,128
normally,r,128
physics,n,128
sack,n,128
stock,n,128
storm,n,128
wheelchair,n,128
announce,v,127
bagel,n,127
cocktail,n,127
committee,n,127
crew,n,127
defense,n,127
extremely,r,127
file,n,127
haircut,n,127
loss,n,127
mark,n,127
proof,n,127
salt,n,127
score,v,127
spare,v,127
tape,v,127
ex,n,127
fairy,n,126
fort,n,126
grape,n,126
including,fw,126
makeup,n,126
nation,n,126
six hundred,m,126
block,v,125
childhood,n,125
cut,n,125
develop,v,125
race,v,125
reference,n,125
shorts,n,125
talk,n,125
therapist,n,125
tip,v,125
tone,n,125
warm,v,125
accent,n,124
avenue,n,124
below,fw,124
cloud,n,124
concern,n,124
distance,n,124
doubt,v,124
exhaust,v,124
goal,n,124
roll,n,124
suggestion,n,124
grocery,n,124
belief,n,123
bump,v,123
inch,n,123
jury,n,123
neat,j,123
odds,n,123
reservation,n,123
rush,v,123
spider,n,123
squirrel,n,123
topic,n,123
toss,v,123
uniform,n,123
violence,n,123
wide,j,123
zoo,n,123
boo,u,122
bullshit,n,122
cruel,j,122
dial,v,122
jeans,n,122
pile,n,122
poison,n,122
pure,j,122
romance,n,122
slave,n,122
slowly,r,122
awake,j,121
belly,n,121
booth,n,121
gentle,j,121
opera,n,121
pipe,n,121
poster,n,121
Russian,K,121
sweep,v,121
sword,n,121
ultimate,j,121
debate,n,120
explode,v,120
float,v,120
justice,n,120
kick,n,120
poker,n,120
pride,n,120
psych,v,120
rain,v,120
rare,j,120
rumor,n,120
title,n,120
vision,n,120
wrestle,v,120
column,n,119
connect,v,119
hockey,n,119
hook,n,119
kidnap,v,119
limo,n,119
painful,j,119
path,n,119
permission,n,119
prince,n,119
process,n,119
senator,n,119
smash,v,119
mean,j,119
anytime,r,118
back,j,118
bat,n,118
ceremony,n,118
declare,v,118
helpful,j,118
iron,n,118
picture,v,118
print,v,118
rope,n,118
sail,v,118
sleep,n,118
attend,v,117
doom,v,117
education,n,117
flush,v,117
fry,n,117
melt,v,117
pardon,v,117
passion,n,117
personally,r,117
poop,v,117
popcorn,n,117
pussy,n,117
trick,v,117
zombie,n,117
ankle,n,116
bail,v,116
bowling,n,116
discount,n,116
entertainment,n,116
excuse,n,116
jazz,n,116
kind,j,116
lion,n,116
match,v,116
prayer,n,116
stamp,n,116
betray,v,115
bracelet,n,115
brownie,n,115
creative,j,115
expression,n,115
lock,n,115
negative,j,115
pickle,n,115
puzzle,n,115
recipe,n,115
stab,v,115
toward,fw,115
wave,v,115
wherever,fw,115
article,n,114
backwards,r,114
central,j,114
hamburger,n,114
mustache,n,114
pudding,n,114
seek,v,114
slide,v,114
tit,n,114
trial,n,114
trophy,n,114
best,n,113
damage,n,113
decent,j,113
easily,r,113
engine,n,113
journey,n,113
ketchup,n,113
lawn,n,113
place,v,113
pretzel,n,113
routine,n,113
sand,n,113
someplace,r,113
stretch,v,113
whack,v,113
bloody,j,112
brand,n,112
British,K,112
budget,n,112
cabin,n,112
determine,v,112
doggie,n,112
entertain,v,112
helmet,n,112
jackass,n,112
media,n,112
motion,n,112
poke,v,112
practically,r,112
rule,v,112
scotch,n,112
source,n,112
spoil,v,112
teenager,n,112
turtle,n,112
visit,n,112
authority,n,111
bleed,v,111
comment,n,111
compete,v,111
confidence,n,111
convention,n,111
defend,v,111
flash,n,111
heal,v,111
hippie,n,111
inside,n,111
past,j,111
phase,n,111
puppet,n,111
respond,v,111
reveal,v,111
sharp,j,111
transfer,v,111
wig,n,111
aisle,n,110
command,n,110
detective,n,110
dolphin,n,110
exit,n,110
expert,n,110
grand,j,110
heat,v,110
industry,n,110
label,n,110
limit,n,110
mature,j,110
pitch,v,110
pump,v,110
racist,j,110
swing,n,110
whom,fw,110
comedian,n,109
compliment,n,109
fork,n,109
guarantee,v,109
magician,n,109
murderer,n,109
occur,v,109
pork,n,109
soccer,n,109
wave,n,109
access,n,108
actress,n,108
backup,n,108
bam,u,108
behave,v,108
encourage,v,108
estate,n,108
fellow,n,108
flirt,v,108
handicap,n,108
hose,n,108
incident,n,108
lost,j,108
occasion,n,108
route,n,108
secretary,n,108
classy,j,107
confess,v,107
drown,v,107
duh,u,107
environment,n,107
false,j,107
highly,r,107
legend,n,107
production,n,107
tale,n,107
talented,j,107
threat,n,107
vegetable,n,107
amen,u,106
capital,n,106
cruise,n,106
experience,v,106
forth,r,106
judgment,n,106
nonsense,n,106
offend,v,106
pepper,n,106
phrase,n,106
picnic,n,106
privacy,n,106
self,n,106
shitty,j,106
smell,n,106
attach,v,105
billion,m,105
cheers,u,105
coma,n,105
contain,v,105
earring,n,105
fascinating,j,105
fear,v,105
gal,n,105
ham,n,105
pronounce,v,105
sample,n,105
victory,n,105
behold,u,104
cereal,n,104
concentrate,v,104
depressed,j,104
drama,n,104
explanation,n,104
fate,n,104
hallway,n,104
ninety,m,104
particular,j,104
pleased,j,104
response,n,104
search,v,104
cold,n,103
ground,v,103
liquor,n,103
lower,v,103
miserable,j,103
pin,n,103
purchase,v,103
satisfy,v,103
sexually,r,103
shout,v,103
site,n,103
thee,fw,103
tonight,n,103
unit,n,103
complaint,n,102
condo,n,102
cool,v,102
donate,v,102
fur,n,102
good-looking,j,102
gravy,n,102
imaginary,j,102
lemonade,n,102
muscle,n,102
nearly,r,102
opposite,n,102
rent,n,102
sweat,v,102
tiger,n,102
valuable,j,102
alcoholic,n,101
arrest,n,101
counselor,n,101
failure,n,101
farmer,n,101
horn,n,101
human,n,101
lamp,n,101
orange,j,101
peach,n,101
roller,n,101
staff,n,101
text,n,101
thief,n,101
force,n,100
secret,j,100
approve,v,100
campus,n,100
coast,n,100
cure,n,100
dinosaur,n,100
directly,r,100
dry,v,100
haunt,v,100
location,n,100
open,j,100
owner,n,100
patch,n,100
treatment,n,100
trunk,n,100
abortion,n,99
bark,v,99
bartender,n,99
brunch,n,99
casual,j,99
chaos,n,99
chief,n,99
chop,n,99
dust,n,99
intend,v,99
lottery,n,99
musical,j,99
opening,n,99
personality,n,99
publish,v,99
sausage,n,99
spot,v,99
underneath,fw,99
unfair,j,99
violent,j,99
wizard,n,99
aboard,r,98
argue,v,98
attempt,v,98
badly,r,98
bush,n,98
fold,v,98
footage,n,98
height,n,98
labor,n,98
nephew,n,98
pass,n,98
punk,n,98
reaction,n,98
shy,j,98
cage,n,97
civil,j,97
colonel,n,97
courage,n,97
cure,v,97
delightful,j,97
emotion,n,97
expose,v,97
fence,n,97
glue,n,97
noodle,n,97
organ,n,97
pole,n,97
refrigerator,n,97
skull,n,97
taxi,n,97
touch,n,97
airline,n,96
background,n,96
bravo,u,96
cheek,n,96
count,n,96
expense,n,96
Irish,K,96
ladder,n,96
mug,n,96
nickname,n,96
pea,n,96
principal,n,96
rack,n,96
session,n,96
soldier,n,96
urine,n,96
virgin,n,96
wander,v,96
bump,n,95
carrot,n,95
chili,n,95
circus,n,95
former,j,95
generous,j,95
gesture,n,95
halfway,r,95
inside,j,95
ninja,n,95
o'clock,r,95
promise,n,95
prostitute,n,95
round,r,95
shelter,n,95
sperm,n,95
technology,n,95
thanks,n,95
agent,n,94
ability,n,94
awfully,r,94
cherry,n,94
discussion,n,94
documentary,n,94
invest,v,94
jet,n,94
knowledge,n,94
load,n,94
minister,n,94
motherfucker,n,94
offensive,j,94
promote,v,94
retire,v,94
singer,n,94
specific,j,94
sudden,n,94
tuck,v,94
sin,n,94
chart,n,94
grader,n,94
ant,n,93
bull,n,93
carefully,r,93
cleaning,n,93
dork,n,93
dummy,n,93
exam,n,93
helicopter,n,93
moustache,n,93
rate,n,93
recall,v,93
reject,v,93
ski,v,93
spy,v,93
stress,n,93
therapy,n,93
travel,n,93
upper,j,93
very,j,93
sponge,n,93
profit,n,93
assignment,n,92
bounce,v,92
branch,n,92
CD,abbr,92
daily,j,92
dice,n,92
dignity,n,92
entirely,r,92
flatter,v,92
form,v,92
fraud,n,92
offer,n,92
pit,n,92
slow,r,92
status,n,92
stroke,n,92
terrify,v,92
thirty-five,m,92
yogurt,n,92
random,j,92
blond,j,92
cube,n,92
alley,n,91
arrange,v,91
coupon,n,91
ditch,v,91
drunk,j,91
edge,n,91
gamble,v,91
gray,j,91
hostage,n,91
inform,v,91
likely,j,91
mask,n,91
nasty,j,91
Olympics,K,91
panties,n,91
priest,n,91
rock,j,91
shine,v,91
shower,v,91
left,r,91
capable,j,90
corporation,n,90
delete,v,90
dental,j,90
engagement,n,90
entitle,v,90
howdy,u,90
ironic,j,90
movement,n,90
piano,n,90
scooter,n,90
silver,n,90
slightly,r,90
sort,v,90
tragic,j,90
underpants,n,90
cabinet,n,89
debt,n,89
global,j,89
hereby,r,89
kindergarten,n,89
mustard,n,89
old-fashioned,j,89
procedure,n,89
progress,n,89
scale,n,89
select,v,89
rib,n,89
armed,j,88
astronaut,n,88
backyard,n,88
camp,v,88
capture,v,88
cart,n,88
casino,n,88
Catholic,K,88
chop,v,88
cleaner,n,88
desert,n,88
ex-boyfriend,n,88
executive,n,88
foreign,j,88
fully,r,88
interview,v,88
lean,v,88
louse,n,88
march,v,88
novel,n,88
one thousand,m,88
orange,n,88
sense,v,88
slice,n,88
species,n,88
strip-club,n,88
weigh,v,88
weirdo,n,88
shadow,n,88
accomplish,v,87
barbecue,n,87
cast,v,87
curse,n,87
define,v,87
double,v,87
equipment,n,87
fever,n,87
front,j,87
gig,n,87
harassment,n,87
intelligent,j,87
karate,n,87
manner,n,87
marijuana,n,87
operate,v,87
post,v,87
quest,n,87
raise,n,87
raisin,n,87
record,v,87
religious,j,87
skinny,j,87
slide,n,87
stinky,j,87
sushi,n,87
thy,fw,87
whew,u,87
adult,j,86
allergic,j,86
appearance,n,86
cave,n,86
drunken,j,86
fireman,n,86
frame,n,86
graduate,v,86
hammer,n,86
naughty,j,86
nine hundred,m,86
salary,n,86
signature,n,86
slap,n,86
special,n,86
bowl,v,86
border,n,86
afterwards,r,85
curtain,n,85
defeat,v,85
desire,n,85
ex-wife,n,85
firework,n,85
habit,n,85
lane,n,85
late,r,85
management,n,85
mighty,j,85
Muslim,K,85
nanny,n,85
nicely,r,85
polite,j,85
political,j,85
rage,n,85
rainbow,n,85
smelly,j,85
tissue,n,85
triangle,n,85
useless,j,85
visitor,n,85
vodka,n,85
angle,n,84
anonymous,j,84
calendar,n,84
comic,n,84
dibs,n,84
dip,n,84
financial,j,84
flat,j,84
grand,n,84
identity,n,84
light,j,84
living,j,84
register,v,84
shocking,j,84
shopping,n,84
sixth,m,84
spoon,n,84
stop,n,84
strawberry,n,84
target,n,84
teenage,j,84
thick,j,84
Web,K,84
whoops,u,84
counter,n,84
agency,n,83
carnival,n,83
confirm,v,83
corpse,n,83
disagree,v,83
feature,n,83
firm,n,83
fit,n,83
hill,n,83
hopefully,r,83
jam,n,83
lamb,n,83
local,n,83
log,n,83
party,v,83
printer,n,83
sketch,n,83
ski,n,83
steam,n,83
superhero,n,83
terribly,r,83
toothbrush,n,83
top,v,83
council,n,82
deck,n,82
dragon,n,82
election,n,82
hah,u,82
lack,n,82
lawsuit,n,82
lecture,n,82
mysterious,j,82
pleasant,j,82
pregnancy,n,82
professional,n,82
reward,n,82
risk,v,82
rose,n,82
scientific,j,82
specifically,r,82
tune,n,82
acid,n,81
argh,u,81
candidate,n,81
differently,r,81
economy,n,81
eighty,m,81
fee,n,81
flame,n,81
foundation,n,81
joint,n,81
oy,u,81
punishment,n,81
rally,n,81
reception,n,81
request,n,81
resist,v,81
schedule,v,81
seven hundred,m,81
shock,n,81
sore,j,81
suspect,v,81
union,n,81
telephone,n,81
extra,r,80
accuse,v,80
ape,n,80
badge,n,80
barn,n,80
buck,n,80
catch,n,80
divide,v,80
eternity,n,80
hopeless,j,80
intervention,n,80
jam,v,80
knock,u,80
mattress,n,80
millionaire,n,80
observe,v,80
react,v,80
speaker,n,80
spicy,j,80
stadium,n,80
standard,n,80
syndrome,n,80
unhappy,j,80
vow,n,80
will,n,80
youth,n,80
admire,v,79
ambulance,n,79
bonus,n,79
commission,n,79
crotch,n,79
deer,n,79
fountain,n,79
grease,n,79
immigrant,n,79
injury,n,79
intense,j,79
journal,n,79
launch,v,79
medal,n,79
mile,n,79
plant,v,79
rescue,v,79
semester,n,79
tire,n,79
worship,v,79
seed,n,79
dot,n,79
a.m.,abbr,78
alert,n,78
confident,j,78
currently,r,78
disco,n,78
escape,n,78
film,v,78
found,v,78
frustrate,v,78
improve,v,78
intercourse,n,78
investment,n,78
jelly,n,78
loan,v,78
musical,n,78
protest,v,78
seal,v,78
shock,v,78
silent,j,78
temperature,n,78
testicle,n,78
typical,j,78
unusual,j,78
approach,v,77
April,K,77
attempt,n,77
bow,n,77
castle,n,77
dine,v,77
fiance,n,77
goo,n,77
governor,n,77
lotion,n,77
measure,v,77
modern,j,77
necklace,n,77
nor,fw,77
orgasm,n,77
poetry,n,77
reasonable,j,77
run,n,77
scam,n,77
shift,n,77
sneaker,n,77
straighten,v,77
tap,v,77
track,v,77
unlike,fw,77
bench,n,76
blowjob,n,76
championship,n,76
Coke,K,76
darkness,n,76
diary,n,76
figure,n,76
guilt,n,76
horny,j,76
intimate,j,76
laughter,n,76
lend,v,76
organization,n,76
outside,n,76
purple,j,76
rice,n,76
seminar,n,76
senior,j,76
shape,v,76
sheep,n,76
sweat,n,76
upside,n,76
vehicle,n,76
seventy,m,76
achieve,v,75
addiction,n,75
architecture,n,75
certain,j,75
demon,n,75
dry-cleaner,n,75
dumbass,n,75
freezer,n,75
guide,n,75
harm,n,75
honk,v,75
install,v,75
mascot,n,75
massive,j,75
metal,n,75
nest,n,75
nineteen,m,75
possibility,n,75
praise,v,75
prescription,n,75
produce,v,75
salmon,n,75
surround,v,75
tragedy,n,75
trip,v,75
troll,n,75
tune,v,75
wagon,n,75
whisper,v,75
yummy,j,75
ban,v,74
bind,v,74
brand-new,j,74
butterfly,n,74
cast,n,74
ceiling,n,74
constantly,r,74
elbow,n,74
electricity,n,74
exchange,n,74
grass,n,74
misunderstanding,n,74
reunion,n,74
rush,n,74
sacred,j,74
sergeant,n,74
solo,n,74
syrup,n,74
therefore,fw,74
timing,n,74
where,fw,74
whistle,n,74
knight,n,74
awful,r,73
ballet,n,73
blade,n,73
blast,n,73
celebration,n,73
cheesecake,n,73
communicate,v,73
cough,n,73
cripple,v,73
dozen,m,73
fall,n,73
following,j,73
goddamn,u,73
heel,n,73
hold,n,73
lad,n,73
noon,n,73
onion,n,73
pound,v,73
relieve,v,73
saving,n,73
scheme,n,73
silence,n,73
skate,v,73
twenty-two,m,73
volunteer,v,73
application,n,72
cinnamon,n,72
coconut,n,72
construction,n,72
curse,v,72
Easter,K,72
ex-girlfriend,n,72
explore,v,72
frame,v,72
highway,n,72
imply,v,72
pottery,n,72
soak,v,72
sticker,n,72
survivor,n,72
task,n,72
yoga,n,72
beast,n,71
biology,n,71
carve,v,71
destiny,n,71
detention,n,71
direct,v,71
drill,n,71
firm,j,71
grill,v,71
potential,j,71
rehearsal,n,71
related,j,71
ribbon,n,71
spaghetti,n,71
stress,v,71
stuffing,n,71
surely,r,71
twenty-three,m,71
drum,n,70
accountant,n,70
chill,v,70
coaster,n,70
conditioner,n,70
cone,n,70
deaf,j,70
dismiss,v,70
dive,v,70
error,n,70
file,v,70
fly,n,70
hers,fw,70
jewelry,n,70
mercy,n,70
naturally,r,70
nickel,n,70
object,n,70
scissors,n,70
secretly,r,70
smack,v,70
supportive,j,70
suspect,n,70
tick,v,70
waffle,n,70
way,r,70
wicked,j,70
wisdom,n,70
woo,u,70
essay,n,70
land,n,69
audition,v,69
butler,n,69
cash,v,69
deadly,j,69
delicate,j,69
document,n,69
emotionally,r,69
establish,v,69
flute,n,69
gorilla,n,69
groom,n,69
horror,n,69
humanity,n,69
maker,n,69
martini,n,69
mud,n,69
needy,j,69
psychic,n,69
reduce,v,69
retarded,j,69
return,n,69
rod,n,69
rubber,n,69
rug,n,69
steer,v,69
symbol,n,69
testify,v,69
thirsty,j,69
traditional,j,69
try,n,69
twin,j,69
succeed,v,69
mob,n,69
basic,j,68
behalf,n,68
booty,n,68
bridesmaid,n,68
chore,n,68
coin,n,68
correct,v,68
crowded,j,68
envelope,n,68
exciting,j,68
greetings,u,68
living,n,68
medication,n,68
necessarily,r,68
organize,v,68
overreact,v,68
pageant,n,68
press,n,68
principle,n,68
rabbi,n,68
reward,v,68
sneeze,v,68
tasty,j,68
tobacco,n,68
volunteer,n,68
whee,u,68
facility,n,68
skirt,n,68
dedicate,v,67
despite,fw,67
download,v,67
fetus,n,67
frighten,v,67
grateful,j,67
gravity,n,67
hail,v,67
handle,n,67
hay,n,67
hideous,j,67
hobby,n,67
legally,r,67
lighting,n,67
lobby,n,67
lung,n,67
musician,n,67
petty,j,67
plot,n,67
poison,v,67
presence,n,67
promotion,n,67
radioactive,j,67
relief,n,67
resource,n,67
sailor,n,67
sober,j,67
sofa,n,67
switch,n,67
tavern,n,67
toaster,n,67
annual,j,66
bathe,v,66
bully,v,66
burrito,n,66
catalog,n,66
cheerleader,n,66
combination,n,66
combine,v,66
complete,v,66
conclusion,n,66
cotton,n,66
crab,n,66
damage,v,66
erase,v,66
fairly,r,66
fund,n,66
hog,v,66
hurricane,n,66
July,K,66
mansion,n,66
motorcycle,n,66
off,r,66
pigeon,n,66
politics,n,66
proper,j,66
qualify,v,66
receptionist,n,66
recover,v,66
release,n,66
sarcasm,n,66
sheriff,n,66
shoo,u,66
soy,n,66
suspicious,j,66
sweaty,j,66
technique,n,66
thigh,n,66
toxic,j,66
twenty-seven,m,66
uh-uh,u,66
vest,n,66
crib,n,66
amusement,n,65
average,n,65
backpack,n,65
balance,n,65
beverage,n,65
boxer,n,65
confession,n,65
deeply,r,65
fabric,n,65
herpes,n,65
hobo,n,65
host,v,65
hybrid,n,65
increase,v,65
meth,n,65
prevent,v,65
prisoner,n,65
protection,n,65
queer,j,65
refresh,v,65
request,v,65
shush,u,65
standard,j,65
strap,v,65
tray,n,65
type,v,65
yuck,u,65
vomit,v,64
academy,n,64
anus,n,64
babysitter,n,64
banner,n,64
beneath,fw,64
bid,v,64
bladder,n,64
cult,n,64
dealer,n,64
flesh,n,64
fulfill,v,64
heck,u,64
hint,n,64
hump,v,64
identify,v,64
intimidate,v,64
leather,n,64
list,v,64
madness,n,64
merely,r,64
mole,n,64
Nazi,K,64
passionate,j,64
post,n,64
program,v,64
rap,n,64
recent,j,64
satellite,n,64
shampoo,n,64
share,n,64
sink,n,64
sleepy,j,64
smug,j,64
spray,v,64
straw,n,64
supermarket,n,64
tend,v,64
twenty-one,m,64
umbrella,n,64
wrestler,n,64
bud,n,64
boner,n,64
riot,n,64
blast,v,63
chess,n,63
chin,n,63
clip,n,63
concept,n,63
core,n,63
deed,n,63
destruction,n,63
display,n,63
DNA,abbr,63
eighth,m,63
eliminate,v,63
goose,n,63
homosexual,n,63
invention,n,63
marathon,n,63
meaning,n,63
minus,fw,63
ouch,u,63
paperwork,n,63
physical,n,63
pilgrim,n,63
pitch,n,63
plug,v,63
psst,u,63
replacement,n,63
review,v,63
surrender,v,63
towards,fw,63
vacuum,n,63
ahoy,u,62
board,v,62
crystal,n,62
data,n,62
done,j,62
dryer,n,62
editor,n,62
evolve,v,62
flow,n,62
germ,n,62
grace,n,62
harsh,j,62
intelligence,n,62
jaw,n,62
juicy,j,62
lipstick,n,62
luckily,r,62
male,n,62
medium,j,62
minority,n,62
overnight,r,62
particularly,r,62
payment,n,62
scenario,n,62
scrub,v,62
shiny,j,62
thoughtful,j,62
tops,n,62
tribe,n,62
worthless,j,62
retirement,n,62
righty,j,62
absolute,j,62
breeze,n,62
9-1-1,m,61
adjustment,n,61
adoption,n,61
anyhow,r,61
athlete,n,61
burst,v,61
cocoa,n,61
courtesy,n,61
current,j,61
dough,n,61
embrace,v,61
fax,v,61
foolish,j,61
locate,v,61
memo,n,61
mentally,r,61
minor,j,61
monitor,v,61
moo,v,61
quote,v,61
raccoon,n,61
seduce,v,61
sleeve,n,61
strangle,v,61
sunshine,n,61
tickle,v,61
tower,n,61
troop,n,61
use,n,61
volume,n,61
wingman,n,61
wonder,n,61
wuss,n,61
constant,j,61
cue,n,61
acknowledge,v,60
addition,n,60
alarm,v,60
bass,n,60
blessing,n,60
businessman,n,60
classroom,n,60
clinic,n,60
coward,n,60
driveway,n,60
elect,v,60
exchange,v,60
fist,n,60
giant,n,60
grown-up,n,60
indicate,v,60
ingredient,n,60
instance,n,60
insult,n,60
June,K,60
lighten,v,60
limit,v,60
mailman,n,60
massage,v,60
meteor,n,60
mop,v,60
noble,j,60
opposite,j,60
pajamas,n,60
physically,r,60
print,n,60
pro,n,60
regarding,fw,60
reverend,n,60
root,v,60
ship,v,60
slutty,j,60
sniff,v,60
spin,n,60
swell,v,60
thirty-one,m,60
value,v,60
mushroom,n,60
advanced,j,60
amuse,v,59
ancestor,n,59
attic,n,59
broccoli,n,59
circumstance,n,59
clothing,n,59
decade,n,59
disorder,n,59
dungeon,n,59
even,j,59
evolution,n,59
exception,n,59
function,n,59
geek,n,59
glorious,j,59
gossip,n,59
happily,r,59
ID,abbr,59
March,K,59
military,n,59
nude,j,59
pan,n,59
paradise,n,59
pervert,n,59
pet,v,59
pinch,v,59
pity,n,59
rotten,j,59
seventh,m,59
similar,j,59
stand,n,59
tractor,n,59
tunnel,v,59
vanilla,n,59
violate,v,59
wreck,v,59
zip,v,59
bedtime,n,58
cape,n,58
cost,n,58
crossword,n,58
designer,n,58
enormous,j,58
extreme,j,58
fragile,j,58
genetic,j,58
length,n,58
lightning,n,58
magic,n,58
magnificent,j,58
mankind,n,58
marshmallow,n,58
May,K,58
meatball,n,58
messy,j,58
mount,n,58
navy,n,58
oppose,v,58
passenger,n,58
playground,n,58
possession,n,58
proposal,n,58
psycho,n,58
rainforest,n,58
rap,v,58
stereotype,n,58
sudden,j,58
sunglasses,n,58
temp,n,58
thou,fw,58
urinal,n,58
wah,u,58
Republican,K,58
abuse,v,57
adjust,v,57
approval,n,57
certificate,n,57
coach,v,57
complex,j,57
contestant,n,57
drop,n,57
era,n,57
exhibit,n,57
fame,n,57
gene,n,57
hop,v,57
invisible,j,57
kitten,n,57
laptop,n,57
maniac,n,57
myth,n,57
needle,n,57
patch,v,57
prime,j,57
puke,v,57
rating,n,57
reserve,v,57
root,n,57
round,j,57
sarcastic,j,57
shelf,n,57
skeleton,n,57
submit,v,57
supervisor,n,57
symptom,n,57
virus,n,57
weakness,n,57
barrel,n,57
applause,n,56
average,j,56
boil,v,56
brag,v,56
buckle,v,56
burglar,n,56
caller,n,56
carton,n,56
color,v,56
donkey,n,56
environmental,j,56
equal,j,56
expand,v,56
flu,n,56
forehead,n,56
greet,v,56
illness,n,56
injure,v,56
lifestyle,n,56
objection,n,56
outrage,n,56
pasta,n,56
practical,j,56
recess,n,56
recycle,v,56
rehearse,v,56
roast,n,56
salsa,n,56
seventy-five,m,56
shit,v,56
shred,v,56
sloppy,j,56
somewhat,r,56
spray,n,56
suitcase,n,56
take,n,56
tense,j,56
valley,n,56
web,n,56
entrance,n,56
appetite,n,55
association,n,55
attorney,n,55
bikini,n,55
bun,n,55
clubhouse,n,55
confront,v,55
contribute,v,55
critic,n,55
depressing,j,55
dime,n,55
discovery,n,55
effective,j,55
excitement,n,55
expectation,n,55
eyebrow,n,55
fluffy,j,55
headache,n,55
independent,j,55
integrity,n,55
karma,n,55
lizard,n,55
logic,n,55
Lord,K,55
mug,v,55
plain,j,55
poet,n,55
quietly,r,55
relative,n,55
safely,r,55
shrink,n,55
slam,v,55
suit,v,55
surprisingly,r,55
testing,n,55
throughout,fw,55
tournament,n,55
twist,n,55
wardrobe,n,55
wrist,n,55
nerve,n,55
deposit,n,55
trail,n,55
collar,v,55
bicycle,n,55
ahem,u,54
alike,r,54
allergy,n,54
atheist,n,54
chamber,n,54
cheeseburger,n,54
conscience,n,54
cuddle,v,54
existence,n,54
gallery,n,54
instinct,n,54
instruction,n,54
loyal,j,54
maintain,v,54
maintenance,n,54
meaningless,j,54
memorize,v,54
missile,n,54
moist,j,54
nag,v,54
ninety-five,m,54
paintball,n,54
pattern,n,54
physicist,n,54
pointless,j,54
polish,v,54
reading,n,54
silence,u,54
sitcom,n,54
slight,j,54
softball,n,54
star,v,54
strip,v,54
temple,n,54
torture,n,54
torture,v,54
wax,n,54
wooden,j,54
inner,j,54
elf,n,54
claw,n,54
layer,n,54
refund,v,54
cycle,n,54
mighty,r,54
awareness,n,53
baggage,n,53
closing,j,53
cricket,n,53
dear,n,53
decorate,v,53
definition,n,53
development,n,53
discipline,n,53
double,r,53
ending,n,53
entry,n,53
explosion,n,53
frozen,j,53
guard,v,53
hack,v,53
homemade,j,53
hunter,n,53
interest,v,53
kite,n,53
master,v,53
meantime,n,53
mortgage,n,53
nacho,n,53
oho,u,53
pact,n,53
palace,n,53
password,n,53
pledge,n,53
pond,n,53
power,v,53
resolution,n,53
rig,v,53
sacrifice,v,53
sector,n,53
steam,v,53
sunset,n,53
superior,j,53
surgeon,n,53
tease,v,53
thus,r,53
twenty-eight,m,53
vegetarian,n,53
videotape,v,53
view,v,53
wide,r,53
workout,n,53
wound,n,53
pyramid,n,53
buffet,n,53
antique,n,52
appeal,v,52
arrangement,n,52
base,n,52
blues,n,52
closure,n,52
dramatic,j,52
generally,r,52
guinea,j,52
hysterical,j,52
ill,j,52
lid,n,52
method,n,52
outrageous,j,52
peel,v,52
rash,n,52
sacrifice,n,52
so-called,j,52
sophisticated,j,52
stool,n,52
struggle,v,52
subtle,j,52
suspend,v,52
tension,n,52
water,v,52
wealthy,j,52
spare,j,52
cushion,n,52
rebel,n,52
Mafia,K,52
aim,v,51
auto,n,51
bowel,n,51
bug,v,51
bummer,n,51
cater,v,51
CEO,abbr,51
chubby,j,51
comfort,v,51
conflict,n,51
convert,v,51
dairy,n,51
division,n,51
donation,n,51
edit,v,51
expire,v,51
flash,v,51
flyer,n,51
freaky,j,51
goods,n,51
hamster,n,51
honesty,n,51
ignorant,j,51
inspiration,n,51
masturbate,v,51
melon,n,51
metaphor,n,51
midget,n,51
moral,j,51
motel,n,51
net,n,51
one hundred fifty,m,51
participate,v,51
quarterback,n,51
radiation,n,51
raw,j,51
relate,v,51
resident,n,51
seventy-two,m,51
snuggle,v,51
southern,j,51
sticky,j,51
three-way,n,51
tin,n,51
workplace,n,51
zoom,v,51
acting,n,51
spiritual,j,51
slot,n,51
activate,v,50
air,v,50
briefcase,n,50
cologne,n,50
competitive,j,50
cross,n,50
depression,n,50
early,r,50
extend,v,50
fighter,n,50
gently,r,50
gone,j,50
graduation,n,50
grief,n,50
growth,n,50
infect,v,50
latte,n,50
leak,n,50
logical,j,50
lure,v,50
macaroni,n,50
millennium,n,50
ninety-nine,m,50
olive,n,50
ordinary,j,50
outer,j,50
oxygen,n,50
patient,j,50
peaceful,j,50
phony,n,50
protocol,n,50
realistic,j,50
recital,n,50
remarkable,j,50
sabotage,v,50
sadly,r,50
senior,n,50
sparkle,v,50
thirty-two,m,50
tow,v,50
vulnerable,j,50
waters,n,50
welcome,n,50
wolf,n,50
wreck,n,50
yum,u,50
loaf,v,50
perfume,v,50
bare,j,50
resume,n,50
scar,n,50
bang,u,50
address,v,49
agenda,n,49
assign,v,49
autograph,n,49
await,v,49
billionaire,n,49
bookstore,n,49
buyer,n,49
charade,n,49
collapse,v,49
conditioning,n,49
consequence,n,49
crooked,j,49
cultural,j,49
dating,n,49
December,K,49
deli,n,49
examine,v,49
fry,v,49
grown,j,49
hormone,n,49
hush,u,49
insecure,j,49
intention,n,49
international,j,49
karaoke,n,49
line,v,49
maple,n,49
one thousand one hundred,m,49
pose,v,49
psychiatrist,n,49
repair,n,49
shotgun,n,49
steady,j,49
strategy,n,49
tempt,v,49
vet,n,49
witness,v,49
yikes,u,49
hood,n,49
dawn,n,49
motor,n,49
tent,n,49
tumor,n,48
bathtub,n,48
bitch,v,48
broad,j,48
brutal,j,48
buzz,v,48
campaign,n,48
conduct,v,48
copier,n,48
cranky,j,48
eternal,j,48
foam,n,48
FYI,abbr,48
google,v,48
greedy,j,48
hiya,u,48
kisser,n,48
lava,n,48
like,n,48
loosen,v,48
Lord,u,48
mailbox,n,48
naive,j,48
November,K,48
particle,n,48
perspective,n,48
plug,n,48
privilege,n,48
resolve,v,48
scarf,n,48
start,n,48
trainer,n,48
unable,j,48
unacceptable,j,48
unfortunate,j,48
update,n,48
volcano,n,48
weed,n,48
worthy,j,48
vault,n,48
permanent,j,48
gag,n,48
addicted,j,47
bah,u,47
balance,v,47
bitter,j,47
boo,v,47
braces,n,47
cashmere,n,47
chimp,n,47
comfort,n,47
communist,n,47
consultant,n,47
criticize,v,47
cutie,n,47
decaf,n,47
demonstrate,v,47
denial,n,47
distraction,n,47
dunk,v,47
edition,n,47
embarrassment,n,47
extension,n,47
Frisbee,K,47
grind,v,47
hairy,j,47
handy,j,47
humble,j,47
juggle,v,47
kit,n,47
lift,n,47
loyalty,n,47
lyric,n,47
maestro,n,47
margarita,n,47
molest,v,47
occasionally,r,47
overwhelm,v,47
pee,n,47
pharmacy,n,47
preserve,v,47
properly,r,47
restroom,n,47
secure,j,47
settlement,n,47
sundae,n,47
Thai,K,47
toad,n,47
trailer,n,47
transform,v,47
trust,n,47
uterus,n,47
violation,n,47
weekly,j,47
blog,n,47
flying,j,47
advise,v,46
altar,n,46
assembly,n,46
bath,v,46
beaver,n,46
blazer,n,46
compromise,v,46
conspiracy,n,46
critical,j,46
devastated,j,46
disappointment,n,46
drawing,n,46
dumpster,n,46
feather,n,46
feature,v,46
furious,j,46
goddess,n,46
housekeeper,n,46
immature,j,46
jackpot,n,46
janitor,n,46
jungle,n,46
Korean,K,46
lasagna,n,46
liberty,n,46
opponent,n,46
penguin,n,46
photographer,n,46
process,v,46
psychic,j,46
puffy,j,46
quote,n,46
racket,n,46
region,n,46
robe,n,46
sea,j,46
sew,v,46
shatter,v,46
sickness,n,46
sidekick,n,46
skank,n,46
spice,n,46
starter,n,46
stir,v,46
structure,n,46
sub,n,46
tampon,n,46
touchdown,n,46
pimp,n,46
brief,j,46
anxiety,n,45
approach,n,45
bay,n,45
beat,n,45
buzz,n,45
chemistry,n,45
desperately,r,45
diabetes,n,45
diarrhea,n,45
dictionary,n,45
doorman,n,45
exploit,v,45
fatty,n,45
fluid,n,45
forty-two,m,45
funky,j,45
gender,n,45
glitter,n,45
harass,v,45
hen,n,45
improv,n,45
interfere,v,45
irony,n,45
married,j,45
novelty,n,45
phew,u,45
phony,j,45
previous,j,45
rehab,n,45
reindeer,n,45
reminder,n,45
rescue,n,45
resent,v,45
rodeo,n,45
round,v,45
severe,j,45
slippery,j,45
smoker,n,45
spooky,j,45
ta-da,u,45
tap,n,45
terror,n,45
thirty-eight,m,45
transplant,n,45
villain,n,45
well,n,45
whatsoever,fw,45
stunt,v,45
dock,n,45
vomit,n,44
a.k.a.,abbr,44
accurate,j,44
alter,v,44
ash,n,44
authentic,j,44
basis,n,44
booger,n,44
broken,j,44
chemical,n,44
clap,v,44
closely,r,44
commissioner,n,44
communication,n,44
drive,n,44
Dutch,K,44
engineer,n,44
fax,n,44
federal,j,44
fetch,v,44
forty-eight,m,44
fried,j,44
glory,n,44
godfather,n,44
harmless,j,44
hurry,n,44
importantly,r,44
lounge,n,44
major,n,44
milkshake,n,44
mutant,n,44
near,j,44
negotiate,v,44
notebook,n,44
outlet,n,44
paycheck,n,44
prop,n,44
quantum,n,44
range,n,44
sane,j,44
saxophone,n,44
smiley,n,44
solar,j,44
spaceship,n,44
stem,n,44
sting,v,44
storage,n,44
suite,n,44
trade,n,44
unlock,v,44
urban,j,44
wacky,j,44
warrior,n,44
Congress,K,44
adore,v,43
aggressive,j,43
balcony,n,43
beam,n,43
cappuccino,n,43
charm,n,43
cock,n,43
consume,v,43
crank,v,43
duck,v,43
European,K,43
fatso,n,43
fiction,n,43
headquarters,n,43
holder,n,43
income,n,43
ink,n,43
instrument,n,43
jinx,v,43
kindly,r,43
liquid,n,43
lump,n,43
magnet,n,43
mail,v,43
marketing,n,43
originally,r,43
pfft,u,43
piggy,n,43
pineapple,n,43
poo,n,43
porch,n,43
predict,v,43
priceless,j,43
priority,n,43
public,n,43
ramp,n,43
receipt,n,43
rusty,j,43
sandal,n,43
seize,v,43
servant,n,43
shrink,v,43
sidewalk,n,43
significant,j,43
slaughter,v,43
spine,n,43
stubborn,j,43
stumble,v,43
trouble,v,43
upset,v,43
urge,n,43
urgent,j,43
veal,n,43
wink,v,43
notch,n,43
scum,n,43
sewer,n,43
bargain,n,43
driving,n,43
remark,n,43
abort,v,42
active,j,42
aid,n,42
aspirin,n,42
bakery,n,42
biggie,n,42
bold,j,42
bomb,v,42
brat,n,42
cemetery,n,42
cleanse,v,42
colleague,n,42
colon,n,42
confusion,n,42
congratulate,v,42
contact,v,42
context,n,42
creeps,n,42
demand,n,42
dull,j,42
ego,n,42
fog,n,42
fuzzy,j,42
individual,n,42
insensitive,j,42
investigation,n,42
investor,n,42
irresponsible,j,42
knit,v,42
meter,n,42
nominate,v,42
oatmeal,n,42
omelet,n,42
overcome,v,42
plaque,n,42
pursue,v,42
reflect,v,42
relation,n,42
rep,n,42
retard,n,42
seat,v,42
shack,n,42
sincere,j,42
slice,v,42
snap,u,42
spell,n,42
theft,n,42
tricky,j,42
tummy,n,42
twenty-six,m,42
undo,v,42
unnecessary,j,42
unpleasant,j,42
vase,n,42
waist,n,42
IQ,abbr,42
swan,n,42
premiere,n,42
thunder,n,42
bizarre,j,41
cliff,n,41
comb,v,41
curl,v,41
disable,v,41
district,n,41
emerge,v,41
emperor,n,41
endless,j,41
fantasize,v,41
folk,n,41
fortunately,r,41
forward,v,41
gap,n,41
goggles,n,41
handshake,n,41
illusion,n,41
infection,n,41
influence,n,41
liberal,j,41
monitor,n,41
mutual,j,41
nun,n,41
object,v,41
p.m.,abbr,41
patience,n,41
pickup,n,41
portrait,n,41
possess,v,41
rabies,n,41
redneck,n,41
regard,n,41
relevant,j,41
restrain,v,41
satisfaction,n,41
secondly,r,41
single,n,41
sip,n,41
sponsor,v,41
sprinkles,n,41
steel,n,41
subtitle,n,41
tackle,v,41
tacky,j,41
territory,n,41
tourist,n,41
tremendous,j,41
trim,v,41
tux,n,41
valentine,n,41
vegan,n,41
womb,n,41
institute,n,41
paw,n,41
absence,n,40
acceptable,j,40
apart,j,40
assemble,v,40
assistance,n,40
back,v,40
bluff,v,40
bribe,v,40
bum,v,40
conceive,v,40
diner,n,40
donor,n,40
drill,v,40
expel,v,40
finals,n,40
flow,v,40
garlic,n,40
golf,v,40
groin,n,40
handful,n,40
hike,v,40
importance,n,40
intimacy,n,40
inventor,n,40
mentor,n,40
mummy,n,40
ninth,n,40
occupy,v,40
pamphlet,n,40
pause,v,40
pretentious,j,40
ranch,n,40
reverse,j,40
rooster,n,40
scramble,v,40
scrape,v,40
sensation,n,40
shuttle,n,40
stall,v,40
storm,v,40
summon,v,40
tad,n,40
tan,v,40
tango,n,40
teeny,j,40
tenth,m,40
thirty-six,m,40
thrill,n,40
trash,v,40
twenty-nine,m,40
unexpected,j,40
unicorn,n,40
unknown,j,40
unpack,v,40
useful,j,40
variety,n,40
vicious,j,40
voter,n,40
warning,n,40
writing,n,40
photograph,n,40
jerky,n,40
manure,n,40
razor,n,40
animate,v,39
ATM,abbr,39
atmosphere,n,39
boundary,n,39
cardboard,n,39
cherish,v,39
civilization,n,39
commander,n,39
conquer,v,39
convenience,n,39
cook,n,39
cram,v,39
deadline,n,39
detector,n,39
dresser,n,39
elegant,j,39
empire,n,39
extraordinary,j,39
grandson,n,39
helpless,j,39
hike,n,39
historical,j,39
homeless,n,39
hottie,n,39
identical,j,39
initiate,v,39
investigate,v,39
itch,v,39
Jell-O,K,39
juvenile,j,39
lack,v,39
Latin,K,39
luggage,n,39
mannequin,n,39
motivate,v,39
niece,n,39
passport,n,39
pharmacist,n,39
pitcher,n,39
planetarium,n,39
poisoning,n,39
policeman,n,39
precisely,r,39
profile,n,39
reconsider,v,39
ritual,n,39
robbery,n,39
self-esteem,n,39
semen,n,39
six-pack,n,39
sleigh,n,39
spontaneous,j,39
stat,n,39
stunning,j,39
supper,n,39
tab,n,39
thirty-four,m,39
thirty-seven,m,39
toast,v,39
tolerate,v,39
translate,v,39
tuxedo,n,39
wand,n,39
wipe,n,39
dimension,n,39
serial,j,39
toll,n,39
affection,n,38
African-American,K,38
anchor,v,38
anthropology,n,38
atom,n,38
author,v,38
blend,v,38
blink,v,38
blonde,n,38
brakes,n,38
breed,v,38
brochure,n,38
clay,n,38
coin,v,38
coitus,n,38
correction,n,38
curly,j,38
custody,n,38
direct,j,38
diversity,n,38
dodge,v,38
drain,v,38
dye,v,38
dynamite,n,38
equation,n,38
errand,n,38
exclusive,j,38
halftime,n,38
hearing,n,38
hoop,n,38
hunk,n,38
invade,v,38
invasion,n,38
jealousy,n,38
jingle,v,38
judgmental,j,38
kingdom,n,38
label,v,38
lollipop,n,38
lying,n,38
manipulate,v,38
max,n,38
mechanic,n,38
mode,n,38
narrow,v,38
oath,n,38
odor,n,38
outstanding,j,38
owl,n,38
pope,n,38
pursuit,n,38
rely,v,38
reputation,n,38
restore,v,38
rhyme,v,38
rum,n,38
scoop,n,38
screw,n,38
scrotum,n,38
spoiler,n,38
superstar,n,38
surface,n,38
teens,n,38
tweet,v,38
two thousand,m,38
undercover,j,38
veteran,n,38
viewer,n,38
wax,v,38
whine,v,38
windshield,n,38
bait,n,38
epic,j,38
working,j,38
shovel,n,38
execute,v,37
experiment,v,37
fireplace,n,37
flee,v,37
flood,n,37
half-hour,n,37
heritage,n,37
housewife,n,37
instructor,n,37
leftover,n,37
lieutenant,n,37
lovable,j,37
mayonnaise,n,37
microphone,n,37
nudity,n,37
obligation,n,37
obsession,n,37
patrol,n,37
salty,j,37
schnapps,n,37
setup,n,37
shortly,r,37
sour,j,37
spectacular,j,37
steroid,n,37
stomp,v,37
survival,n,37
sweatshirt,n,37
swell,j,37
theirs,fw,37
traitor,n,37
uptight,j,37
wait,n,37
arrival,n,37
autograph,v,37
babysit,v,37
backstage,r,37
bond,n,37
boogie,n,37
busboy,n,37
buttocks,n,37
camel,n,37
cattle,n,37
chalk,n,37
cheater,n,37
clone,n,37
cobra,n,37
contribution,n,37
cough,v,37
devote,v,37
dip,v,37
doodle,v,37
ease,v,37
erection,n,37
harm,v,37
ideal,j,37
lease,n,37
legendary,j,36
absurd,j,36
additional,j,36
advertise,v,36
appetizer,n,36
attraction,n,36
blow,n,36
brick,n,36
canned,j,36
caterer,n,36
center,j,36
chilly,j,36
classmate,n,36
conclude,v,36
consult,v,36
correctly,r,36
cozy,j,36
curiosity,n,36
dorm,n,36
educate,v,36
educational,j,36
enthusiasm,n,36
filth,n,36
fitness,n,36
forgiveness,n,36
foul,n,36
genitals,n,36
goddamned,j,36
guess,n,36
gutter,n,36
heroin,n,36
horribly,r,36
household,n,36
HR,abbr,36
infinite,j,36
inject,v,36
leaf,n,36
leap,v,36
leap,n,36
link,n,36
loving,j,36
manly,j,36
many,j,36
masterpiece,n,36
obnoxious,j,36
Olympic,K,36
opener,n,36
orientation,n,36
origin,n,36
orphan,n,36
penalty,n,36
residence,n,36
reverse,v,36
shallow,j,36
shipment,n,36
siren,n,36
soothe,v,36
spank,v,36
strict,j,36
strongly,r,36
superpower,n,36
violin,n,36
volunteer,j,36
wake-up,n,36
mass,j,36
scent,n,36
grip,n,36
recorder,n,35
acceptance,n,35
acquaintance,n,35
acquire,v,35
alrighty,u,35
alternative,n,35
anxious,j,35
applaud,v,35
baloney,n,35
capacity,n,35
childish,j,35
circle,v,35
cola,n,35
comment,v,35
detect,v,35
equal,v,35
exotic,j,35
giggle,v,35
gnome,n,35
guidance,n,35
historic,j,35
kiddo,n,35
kosher,j,35
limbo,n,35
marvelous,j,35
minimum,n,35
missy,n,35
mix,n,35
nauseous,j,35
nurse,v,35
observation,n,35
obstacle,n,35
overlook,v,35
philosophy,n,35
racist,n,35
recruit,v,35
sexuality,n,35
shenanigan,n,35
silk,n,35
swipe,v,35
topless,j,35
trauma,n,35
tunnel,n,35
unemployed,j,35
unlikely,j,35
update,v,35
verdict,n,35
virginity,n,35
vitamin,n,35
whistle,v,35
x-ray,n,35
oral,j,35
affairs,n,34
anthem,n,34
ashtray,n,34
assist,v,34
banker,n,34
benefit,v,34
cafe,n,34
caffeine,n,34
chase,n,34
con,n,34
container,n,34
convenient,j,34
cord,n,34
courthouse,n,34
criticism,n,34
curb,n,34
dawg,n,34
delight,v,34
distant,j,34
dizzy,j,34
dressing,n,34
erotic,j,34
eyeball,n,34
facial,j,34
flap,v,34
freshen,v,34
galaxy,n,34
guardian,n,34
highlight,n,34
hoard,v,34
hygiene,n,34
institution,n,34
keeper,n,34
lettuce,n,34
maiden,n,34
membership,n,34
mild,j,34
misery,n,34
mistaken,j,34
mixer,n,34
parlor,n,34
pity,v,34
platter,n,34
pointy,j,34
poorly,r,34
population,n,34
psychology,n,34
risky,j,34
robber,n,34
runner,n,34
runway,n,34
scholarship,n,34
slim,j,34
swimsuit,n,34
temporary,j,34
tequila,n,34
thankful,j,34
triple,j,34
urinate,v,34
valid,j,34
wing,v,34
winning,j,34
convict,n,34
crown,n,34
floss,v,33
stew,n,33
administration,n,33
auction,n,33
billboard,n,33
bouquet,n,33
bourbon,n,33
brainwash,v,33
breakdown,n,33
caramel,n,33
casting,n,33
cease,v,33
cheesy,j,33
chip,v,33
choir,n,33
cocky,j,33
contraction,n,33
creator,n,33
drain,n,33
drip,v,33
espresso,n,33
essence,n,33
exclamation,n,33
experimental,j,33
faculty,n,33
female,n,33
finale,n,33
flaw,n,33
gallon,n,33
gardener,n,33
greasy,j,33
guide,v,33
hammock,n,33
HIV,abbr,33
hostess,n,33
initiative,n,33
live,j,33
liver,n,33
loan,n,33
mermaid,n,33
military,j,33
mingle,v,33
moose,n,33
mosquito,n,33
mural,n,33
no-one,fw,33
non,fw,33
opening,j,33
orchestra,n,33
orphanage,n,33
pimple,n,33
portal,n,33
prick,n,33
psychological,j,33
rebuild,v,33
reckon,v,33
recovery,n,33
rip-off,n,33
scare,n,33
simulate,v,33
simulation,n,33
squad,n,33
technical,j,33
tolerance,n,33
tribute,n,33
vice,j,33
vile,j,33
wilderness,n,33
worm,n,33
trigger,n,33
calf,n,33
scoop,v,32
accomplishment,n,32
admission,n,32
age,v,32
beside,fw,32
blame,n,32
cabbage,n,32
cocaine,n,32
colorful,j,32
controversial,j,32
courtroom,n,32
crispy,j,32
delay,v,32
domestic,j,32
eastern,j,32
elsewhere,r,32
ex-husband,n,32
exaggerate,v,32
exercise,v,32
father-in-law,n,32
feces,n,32
formula,n,32
freeway,n,32
grade,v,32
grownup,n,32
hallelujah,u,32
hostile,j,32
hurtful,j,32
industrial,j,32
intern,n,32
ironically,r,32
irrelevant,j,32
isolate,v,32
knot,n,32
landlord,n,32
leadership,n,32
majesty,n,32
merge,v,32
monologue,n,32
nine thirty,m,32
orgy,n,32
overdue,j,32
postpone,v,32
rag,n,32
registration,n,32
rhythm,n,32
screwdriver,n,32
scuba,n,32
selection,n,32
shell,n,32
sincerely,r,32
sitter,n,32
startle,v,32
stripe,n,32
stroller,n,32
stud,n,32
subscription,n,32
sunrise,n,32
toupee,n,32
unconscious,j,32
underestimate,v,32
unique,j,32
various,j,32
vein,n,32
weep,v,32
whiskey,n,32
witty,j,32
worry,n,32
memorial,n,32
permit,n,32
